<?xml version="1.0"?>
<metadata xml:lang="en"><Esri><CreaDate>20231207</CreaDate><CreaTime>14450100</CreaTime><ArcGISFormat>1.0</ArcGISFormat><SyncOnce>FALSE</SyncOnce><DataProperties><itemProps><itemName Sync="TRUE">TIPA_Composite_POINT</itemName><itemSize Sync="TRUE">0.000</itemSize><imsContentType Sync="TRUE">002</imsContentType><nativeExtBox><westBL Sync="TRUE">40.597062</westBL><eastBL Sync="TRUE">40.716221</eastBL><southBL Sync="TRUE">-11.043411</southBL><northBL Sync="TRUE">-10.999686</northBL><exTypeCode Sync="TRUE">1</exTypeCode></nativeExtBox><itemLocation><linkage Sync="TRUE">file://\\khbsan2.ad.kew.org\KNASGIS01\New_Structure\3_Projects\TIPAs\WORLD\TIPA_Composite_POINT</linkage><protocol Sync="TRUE">Local Area Network</protocol></itemLocation></itemProps><coordRef><type Sync="TRUE">Geographic</type><geogcsn Sync="TRUE">GCS_WGS_1984</geogcsn><csUnits Sync="TRUE">Angular Unit: Degree (0.017453)</csUnits><peXml Sync="TRUE">&lt;GeographicCoordinateSystem xsi:type='typens:GeographicCoordinateSystem' xmlns:xsi='http://www.w3.org/2001/XMLSchema-instance' xmlns:xs='http://www.w3.org/2001/XMLSchema' xmlns:typens='http://www.esri.com/schemas/ArcGIS/3.1.0'&gt;&lt;WKT&gt;GEOGCS[&amp;quot;GCS_WGS_1984&amp;quot;,DATUM[&amp;quot;D_WGS_1984&amp;quot;,SPHEROID[&amp;quot;WGS_1984&amp;quot;,6378137.0,298.257223563]],PRIMEM[&amp;quot;Greenwich&amp;quot;,0.0],UNIT[&amp;quot;Degree&amp;quot;,0.0174532925199433],AUTHORITY[&amp;quot;EPSG&amp;quot;,4326]]&lt;/WKT&gt;&lt;XOrigin&gt;-400&lt;/XOrigin&gt;&lt;YOrigin&gt;-400&lt;/YOrigin&gt;&lt;XYScale&gt;11258999068426.238&lt;/XYScale&gt;&lt;ZOrigin&gt;-100000&lt;/ZOrigin&gt;&lt;ZScale&gt;10000&lt;/ZScale&gt;&lt;MOrigin&gt;-100000&lt;/MOrigin&gt;&lt;MScale&gt;10000&lt;/MScale&gt;&lt;XYTolerance&gt;8.983152841195215e-09&lt;/XYTolerance&gt;&lt;ZTolerance&gt;0.001&lt;/ZTolerance&gt;&lt;MTolerance&gt;0.001&lt;/MTolerance&gt;&lt;HighPrecision&gt;true&lt;/HighPrecision&gt;&lt;LeftLongitude&gt;-180&lt;/LeftLongitude&gt;&lt;WKID&gt;4326&lt;/WKID&gt;&lt;LatestWKID&gt;4326&lt;/LatestWKID&gt;&lt;/GeographicCoordinateSystem&gt;</peXml></coordRef><lineage><Process ToolSource="c:\program files\arcgis\pro\Resources\ArcToolbox\toolboxes\Data Management Tools.tbx\Append" Date="20231201" Time="131301" Name="" export="">Append NewGUI_TIPAs_POINT TIPA_Composite_POINT "Use the field map to reconcile field differences" "Name "Name" true false false 254 Text 0 0,First,#,G:\New_Structure\3_Projects\TIPAs\Countries\New_Guinea\TIPA\NewGUI_TIPAs_POINT.shp,Name,0,254;FolderPath "FolderPath" true false false 254 Text 0 0,First,#,G:\New_Structure\3_Projects\TIPAs\Countries\New_Guinea\TIPA\NewGUI_TIPAs_POINT.shp,FolderPath,0,254;TIPA "TIPA" true false false 254 Text 0 0,First,#;Core_Buf "Core_Buf" true false false 254 Text 0 0,First,#,G:\New_Structure\3_Projects\TIPAs\Countries\New_Guinea\TIPA\NewGUI_TIPAs_POINT.shp,Core_Buf,0,254;Country "Country" true false false 254 Text 0 0,First,#,G:\New_Structure\3_Projects\TIPAs\Countries\New_Guinea\TIPA\NewGUI_TIPAs_POINT.shp,Country,0,254;Shape__Are "Shape__Are" true false false 19 Double 0 0,First,#;Shape__Len "Shape__Len" true false false 19 Double 0 0,First,#;TIPA_ID "TIPA_ID" true false false 254 Text 0 0,First,#,G:\New_Structure\3_Projects\TIPAs\Countries\New_Guinea\TIPA\NewGUI_TIPAs_POINT.shp,TIPA_ID,-1,-1;IPA_Crit "IPA_Crit" true false false 254 Text 0 0,First,#,G:\New_Structure\3_Projects\TIPAs\Countries\New_Guinea\TIPA\NewGUI_TIPAs_POINT.shp,IPA_Crit,0,254;TIPA_Code "TIPA_Code" true false false 254 Text 0 0,First,#,G:\New_Structure\3_Projects\TIPAs\Countries\New_Guinea\TIPA\NewGUI_TIPAs_POINT.shp,TIPA_Code,0,254;TIPA_Name "TIPA_Name" true false false 254 Text 0 0,First,#,G:\New_Structure\3_Projects\TIPAs\Countries\New_Guinea\TIPA\NewGUI_TIPAs_POINT.shp,TIPA_Name,0,254;ORIG_FID "ORIG_FID" true false false 10 Long 0 10,First,#,G:\New_Structure\3_Projects\TIPAs\Countries\New_Guinea\TIPA\NewGUI_TIPAs_POINT.shp,ORIG_FID,-1,-1" # # # NOT_UPDATE_GEOMETRY</Process><Process ToolSource="c:\program files\arcgis\pro\Resources\ArcToolbox\toolboxes\Data Management Tools.tbx\Append" Date="20231201" Time="172708" Name="" export="">Append 'BVI TIPAs Network_POINT' TIPA_Composite_POINT "Use the field map to reconcile field differences" "Name "Name" true false false 254 Text 0 0,First,#,G:\New_Structure\3_Projects\TIPAs\Countries\BVI\TIPAS\BVI TIPAs Network_POINT.shp,NAME,0,24;FolderPath "FolderPath" true false false 254 Text 0 0,First,#,BVI TIPAs Network_POINT,Boundary,0,250;TIPA "TIPA" true false false 254 Text 0 0,First,#,G:\New_Structure\3_Projects\TIPAs\Countries\BVI\TIPAS\BVI TIPAs Network_POINT.shp,TIPA,0,100;Core_Buf "Core_Buf" true false false 254 Text 0 0,First,#,G:\New_Structure\3_Projects\TIPAs\Countries\BVI\TIPAS\BVI TIPAs Network_POINT.shp,Core_Buf,0,254;Country "Country" true false false 254 Text 0 0,First,#,G:\New_Structure\3_Projects\TIPAs\Countries\BVI\TIPAS\BVI TIPAs Network_POINT.shp,Country,0,254;Shape__Are "Shape__Are" true false false 19 Double 0 0,First,#;Shape__Len "Shape__Len" true false false 19 Double 0 0,First,#;TIPA_ID "TIPA_ID" true false false 254 Text 0 0,First,#,G:\New_Structure\3_Projects\TIPAs\Countries\BVI\TIPAS\BVI TIPAs Network_POINT.shp,TIPA_ID,-1,-1;IPA_Crit "IPA_Crit" true false false 254 Text 0 0,First,#,G:\New_Structure\3_Projects\TIPAs\Countries\BVI\TIPAS\BVI TIPAs Network_POINT.shp,IPA_Crit,0,254;TIPA_Code "TIPA_Code" true false false 254 Text 0 0,First,#,G:\New_Structure\3_Projects\TIPAs\Countries\BVI\TIPAS\BVI TIPAs Network_POINT.shp,TIPA_Code,0,254;TIPA_Name "TIPA_Name" true false false 254 Text 0 0,First,#,G:\New_Structure\3_Projects\TIPAs\Countries\BVI\TIPAS\BVI TIPAs Network_POINT.shp,TIPA_Name,0,254;ORIG_FID "ORIG_FID" true false false 10 Long 0 10,First,#,G:\New_Structure\3_Projects\TIPAs\Countries\BVI\TIPAS\BVI TIPAs Network_POINT.shp,ORIG_FID,-1,-1" # # # NOT_UPDATE_GEOMETRY</Process><Process ToolSource="c:\program files\arcgis\pro\Resources\ArcToolbox\Toolboxes\Data Management Tools.tbx\UpdateSchema" Date="20231207" Time="131751" Name="" export="">UpdateSchema "CIMDATA=&lt;CIMStandardDataConnection xsi:type='typens:CIMStandardDataConnection' xmlns:xsi='http://www.w3.org/2001/XMLSchema-instance' xmlns:xs='http://www.w3.org/2001/XMLSchema' xmlns:typens='http://www.esri.com/schemas/ArcGIS/3.1.0'&gt;&lt;WorkspaceConnectionString&gt;DATABASE=G:\New_Structure\3_Projects\TIPAs\Countries&lt;/WorkspaceConnectionString&gt;&lt;WorkspaceFactory&gt;Shapefile&lt;/WorkspaceFactory&gt;&lt;Dataset&gt;TIPA_Composite_POINT.shp&lt;/Dataset&gt;&lt;DatasetType&gt;esriDTFeatureClass&lt;/DatasetType&gt;&lt;/CIMStandardDataConnection&gt;" &lt;operationSequence&gt;&lt;workflow&gt;&lt;AddField&gt;&lt;field_name&gt;TIPA_test&lt;/field_name&gt;&lt;field_type&gt;SHORT&lt;/field_type&gt;&lt;field_is_nullable&gt;False&lt;/field_is_nullable&gt;&lt;field_is_required&gt;False&lt;/field_is_required&gt;&lt;/AddField&gt;&lt;/workflow&gt;&lt;/operationSequence&gt;</Process><Process ToolSource="c:\program files\arcgis\pro\Resources\ArcToolbox\toolboxes\Data Management Tools.tbx\CalculateField" Date="20231207" Time="131842" Name="" export="">CalculateField TIPA_Composite_POINT TIPA_test $feature.TIPA_ID Arcade # Text NO_ENFORCE_DOMAINS</Process><Process ToolSource="c:\program files\arcgis\pro\Resources\ArcToolbox\toolboxes\Data Management Tools.tbx\UpdateSchema" Date="20231207" Time="131902" Name="" export="">UpdateSchema "CIMDATA=&lt;CIMStandardDataConnection xsi:type='typens:CIMStandardDataConnection' xmlns:xsi='http://www.w3.org/2001/XMLSchema-instance' xmlns:xs='http://www.w3.org/2001/XMLSchema' xmlns:typens='http://www.esri.com/schemas/ArcGIS/3.1.0'&gt;&lt;WorkspaceConnectionString&gt;DATABASE=G:\New_Structure\3_Projects\TIPAs\Countries&lt;/WorkspaceConnectionString&gt;&lt;WorkspaceFactory&gt;Shapefile&lt;/WorkspaceFactory&gt;&lt;Dataset&gt;TIPA_Composite_POINT.shp&lt;/Dataset&gt;&lt;DatasetType&gt;esriDTFeatureClass&lt;/DatasetType&gt;&lt;/CIMStandardDataConnection&gt;" &lt;operationSequence&gt;&lt;workflow&gt;&lt;DeleteField&gt;&lt;field_name&gt;TIPA_ID&lt;/field_name&gt;&lt;/DeleteField&gt;&lt;/workflow&gt;&lt;/operationSequence&gt;</Process><Process ToolSource="c:\program files\arcgis\pro\Resources\ArcToolbox\toolboxes\Data Management Tools.tbx\UpdateSchema" Date="20231207" Time="131927" Name="" export="">UpdateSchema "CIMDATA=&lt;CIMStandardDataConnection xsi:type='typens:CIMStandardDataConnection' xmlns:xsi='http://www.w3.org/2001/XMLSchema-instance' xmlns:xs='http://www.w3.org/2001/XMLSchema' xmlns:typens='http://www.esri.com/schemas/ArcGIS/3.1.0'&gt;&lt;WorkspaceConnectionString&gt;DATABASE=G:\New_Structure\3_Projects\TIPAs\Countries&lt;/WorkspaceConnectionString&gt;&lt;WorkspaceFactory&gt;Shapefile&lt;/WorkspaceFactory&gt;&lt;Dataset&gt;TIPA_Composite_POINT.shp&lt;/Dataset&gt;&lt;DatasetType&gt;esriDTFeatureClass&lt;/DatasetType&gt;&lt;/CIMStandardDataConnection&gt;" &lt;operationSequence&gt;&lt;workflow&gt;&lt;AddField&gt;&lt;field_name&gt;TIPA_ID&lt;/field_name&gt;&lt;field_type&gt;SHORT&lt;/field_type&gt;&lt;field_is_nullable&gt;False&lt;/field_is_nullable&gt;&lt;field_is_required&gt;False&lt;/field_is_required&gt;&lt;/AddField&gt;&lt;/workflow&gt;&lt;/operationSequence&gt;</Process><Process ToolSource="c:\program files\arcgis\pro\Resources\ArcToolbox\toolboxes\Data Management Tools.tbx\CalculateField" Date="20231207" Time="131952" Name="" export="">CalculateField TIPA_Composite_POINT TIPA_ID $feature.TIPA_test Arcade # Text NO_ENFORCE_DOMAINS</Process><Process ToolSource="c:\program files\arcgis\pro\Resources\ArcToolbox\toolboxes\Data Management Tools.tbx\UpdateSchema" Date="20231207" Time="132011" Name="" export="">UpdateSchema "CIMDATA=&lt;CIMStandardDataConnection xsi:type='typens:CIMStandardDataConnection' xmlns:xsi='http://www.w3.org/2001/XMLSchema-instance' xmlns:xs='http://www.w3.org/2001/XMLSchema' xmlns:typens='http://www.esri.com/schemas/ArcGIS/3.1.0'&gt;&lt;WorkspaceConnectionString&gt;DATABASE=G:\New_Structure\3_Projects\TIPAs\Countries&lt;/WorkspaceConnectionString&gt;&lt;WorkspaceFactory&gt;Shapefile&lt;/WorkspaceFactory&gt;&lt;Dataset&gt;TIPA_Composite_POINT.shp&lt;/Dataset&gt;&lt;DatasetType&gt;esriDTFeatureClass&lt;/DatasetType&gt;&lt;/CIMStandardDataConnection&gt;" &lt;operationSequence&gt;&lt;workflow&gt;&lt;DeleteField&gt;&lt;field_name&gt;TIPA_test&lt;/field_name&gt;&lt;/DeleteField&gt;&lt;/workflow&gt;&lt;/operationSequence&gt;</Process><Process ToolSource="c:\program files\arcgis\pro\Resources\ArcToolbox\toolboxes\Data Management Tools.tbx\CopyMultiple" Date="20231207" Time="144503" Name="" export="">CopyMultiple "G:\New_Structure\3_Projects\TIPAs\Countries\TIPA_Composite_POINT.lyrx file_lyrx;G:\New_Structure\3_Projects\TIPAs\Countries\TIPA_Composite_POINT.shp shapefile_point;G:\New_Structure\3_Projects\TIPAs\Countries\TIPA_Composite_POLYGON.lyrx file_lyrx;G:\New_Structure\3_Projects\TIPAs\Countries\TIPA_Composite_POLYGON.shp shapefile_polygon" G:\New_Structure\3_Projects\TIPAs\WORLD TIPA_Composite_POINT;TIPA_Composite_POINT;TIPA_Composite_POLYGON;TIPA_Composite_POLYGON "TIPA_Composite_POINT Unknown TIPA_Composite_POINT.lyrx #;TIPA_Composite_POINT FeatureClass TIPA_Composite_POINT.shp #;TIPA_Composite_POLYGON Unknown TIPA_Composite_POLYGON.lyrx #;TIPA_Composite_POLYGON FeatureClass TIPA_Composite_POLYGON.shp #"</Process><Process ToolSource="c:\program files\arcgis\pro\Resources\ArcToolbox\toolboxes\Data Management Tools.tbx\UpdateSchema" Date="20240405" Time="103811">UpdateSchema "CIMDATA=&lt;CIMStandardDataConnection xsi:type='typens:CIMStandardDataConnection' xmlns:xsi='http://www.w3.org/2001/XMLSchema-instance' xmlns:xs='http://www.w3.org/2001/XMLSchema' xmlns:typens='http://www.esri.com/schemas/ArcGIS/3.1.0'&gt;&lt;WorkspaceConnectionString&gt;DATABASE=G:\New_Structure\3_Projects\TIPAs\WORLD&lt;/WorkspaceConnectionString&gt;&lt;WorkspaceFactory&gt;Shapefile&lt;/WorkspaceFactory&gt;&lt;Dataset&gt;TIPA_Composite_POINT.shp&lt;/Dataset&gt;&lt;DatasetType&gt;esriDTFeatureClass&lt;/DatasetType&gt;&lt;/CIMStandardDataConnection&gt;" &lt;operationSequence&gt;&lt;workflow&gt;&lt;AddField&gt;&lt;field_name&gt;Core_Buff&lt;/field_name&gt;&lt;field_type&gt;TEXT&lt;/field_type&gt;&lt;field_length&gt;255&lt;/field_length&gt;&lt;field_is_nullable&gt;False&lt;/field_is_nullable&gt;&lt;field_is_required&gt;False&lt;/field_is_required&gt;&lt;/AddField&gt;&lt;/workflow&gt;&lt;/operationSequence&gt;</Process><Process ToolSource="c:\program files\arcgis\pro\Resources\ArcToolbox\toolboxes\Data Management Tools.tbx\CalculateField" Date="20240405" Time="103856">CalculateField TIPA_Composite_POINT Core_Buff $feature.Core_Buf Arcade # Text NO_ENFORCE_DOMAINS</Process><Process ToolSource="c:\program files\arcgis\pro\Resources\ArcToolbox\toolboxes\Data Management Tools.tbx\Append" Date="20240405" Time="104019">Append 'ETH 2\FeatureToPoint_OutFeatureClass_ETH_2_ETHTIPA010_147_Lower_Wabi_Shebelle';'ETH 2\FeatureToPoint_OutFeatureClass_ETH_2_ETHTIPA011_149_Werder';'ETH 2\FeatureToPoint_OutFeatureClass_ETH_2_ETHTIPA012_150_Bokh';'ETH 2\FeatureToPoint_OutFeatureClass_ETH_2_ETHTIPA0014_211_Lele_Hills';'ETH 2\FeatureToPoint_OutFeatureClass_ETH_2_ETHTIPA0015_213_Gerire_Hills';'ETH 2\FeatureToPoint_OutFeatureClass_ETH_2_ETHTIPA0016_215_Simen_Mountains' TIPA_Composite_POINT "Use the field map to reconcile field differences" "Name "Name" true false false 254 Text 0 0,First,#,G:\New_Structure\3_Projects\TIPAs\WORLD\COUNTRY_TIPA_split\ETHTIPA0016_215_Simen_Mountains.shp,Name,0,254,G:\New_Structure\3_Projects\TIPAs\WORLD\COUNTRY_TIPA_split\ETHTIPA0015_213_Gerire_Hills.shp,Name,0,254,G:\New_Structure\3_Projects\TIPAs\WORLD\COUNTRY_TIPA_split\ETHTIPA0014_211_Lele_Hills.shp,Name,0,254,G:\New_Structure\3_Projects\TIPAs\WORLD\COUNTRY_TIPA_split\ETHTIPA012_150_Bokh.shp,Name,0,254,G:\New_Structure\3_Projects\TIPAs\WORLD\COUNTRY_TIPA_split\ETHTIPA011_149_Werder.shp,Name,0,254,G:\New_Structure\3_Projects\TIPAs\WORLD\COUNTRY_TIPA_split\ETHTIPA010_147_Lower_Wabi_Shebelle.shp,Name,0,254;FolderPath "FolderPath" true false false 254 Text 0 0,First,#;TIPA "TIPA" true false false 254 Text 0 0,First,#;Country "Country" true false false 254 Text 0 0,First,#,G:\New_Structure\3_Projects\TIPAs\WORLD\COUNTRY_TIPA_split\ETHTIPA0016_215_Simen_Mountains.shp,Country,0,254,G:\New_Structure\3_Projects\TIPAs\WORLD\COUNTRY_TIPA_split\ETHTIPA0015_213_Gerire_Hills.shp,Country,0,254,G:\New_Structure\3_Projects\TIPAs\WORLD\COUNTRY_TIPA_split\ETHTIPA0014_211_Lele_Hills.shp,Country,0,254,G:\New_Structure\3_Projects\TIPAs\WORLD\COUNTRY_TIPA_split\ETHTIPA012_150_Bokh.shp,Country,0,254,G:\New_Structure\3_Projects\TIPAs\WORLD\COUNTRY_TIPA_split\ETHTIPA011_149_Werder.shp,Country,0,254,G:\New_Structure\3_Projects\TIPAs\WORLD\COUNTRY_TIPA_split\ETHTIPA010_147_Lower_Wabi_Shebelle.shp,Country,0,254;Shape__Are "Shape__Are" true false false 19 Double 0 0,First,#;Shape__Len "Shape__Len" true false false 19 Double 0 0,First,#;IPA_Crit "IPA_Crit" true false false 254 Text 0 0,First,#,G:\New_Structure\3_Projects\TIPAs\WORLD\COUNTRY_TIPA_split\ETHTIPA0016_215_Simen_Mountains.shp,IPA_Crit,0,254,G:\New_Structure\3_Projects\TIPAs\WORLD\COUNTRY_TIPA_split\ETHTIPA0015_213_Gerire_Hills.shp,IPA_Crit,0,254,G:\New_Structure\3_Projects\TIPAs\WORLD\COUNTRY_TIPA_split\ETHTIPA0014_211_Lele_Hills.shp,IPA_Crit,0,254,G:\New_Structure\3_Projects\TIPAs\WORLD\COUNTRY_TIPA_split\ETHTIPA012_150_Bokh.shp,IPA_Crit,0,254,G:\New_Structure\3_Projects\TIPAs\WORLD\COUNTRY_TIPA_split\ETHTIPA011_149_Werder.shp,IPA_Crit,0,254,G:\New_Structure\3_Projects\TIPAs\WORLD\COUNTRY_TIPA_split\ETHTIPA010_147_Lower_Wabi_Shebelle.shp,IPA_Crit,0,254;TIPA_Code "TIPA_Code" true false false 254 Text 0 0,First,#,G:\New_Structure\3_Projects\TIPAs\WORLD\COUNTRY_TIPA_split\ETHTIPA0016_215_Simen_Mountains.shp,TIPA_Code,0,254,G:\New_Structure\3_Projects\TIPAs\WORLD\COUNTRY_TIPA_split\ETHTIPA0015_213_Gerire_Hills.shp,TIPA_Code,0,254,G:\New_Structure\3_Projects\TIPAs\WORLD\COUNTRY_TIPA_split\ETHTIPA0014_211_Lele_Hills.shp,TIPA_Code,0,254,G:\New_Structure\3_Projects\TIPAs\WORLD\COUNTRY_TIPA_split\ETHTIPA012_150_Bokh.shp,TIPA_Code,0,254,G:\New_Structure\3_Projects\TIPAs\WORLD\COUNTRY_TIPA_split\ETHTIPA011_149_Werder.shp,TIPA_Code,0,254,G:\New_Structure\3_Projects\TIPAs\WORLD\COUNTRY_TIPA_split\ETHTIPA010_147_Lower_Wabi_Shebelle.shp,TIPA_Code,0,254;TIPA_ID "TIPA_ID" true false false 5 Long 0 5,First,#,G:\New_Structure\3_Projects\TIPAs\WORLD\COUNTRY_TIPA_split\ETHTIPA0016_215_Simen_Mountains.shp,TIPA_ID,-1,-1,G:\New_Structure\3_Projects\TIPAs\WORLD\COUNTRY_TIPA_split\ETHTIPA0015_213_Gerire_Hills.shp,TIPA_ID,-1,-1,G:\New_Structure\3_Projects\TIPAs\WORLD\COUNTRY_TIPA_split\ETHTIPA0014_211_Lele_Hills.shp,TIPA_ID,-1,-1,G:\New_Structure\3_Projects\TIPAs\WORLD\COUNTRY_TIPA_split\ETHTIPA012_150_Bokh.shp,TIPA_ID,-1,-1,G:\New_Structure\3_Projects\TIPAs\WORLD\COUNTRY_TIPA_split\ETHTIPA011_149_Werder.shp,TIPA_ID,-1,-1,G:\New_Structure\3_Projects\TIPAs\WORLD\COUNTRY_TIPA_split\ETHTIPA010_147_Lower_Wabi_Shebelle.shp,TIPA_ID,-1,-1;Core_Buf "Core_Buf" true false false 254 Text 0 0,First,#;TIPA_Name "TIPA_Name" true false false 254 Text 0 0,First,#,G:\New_Structure\3_Projects\TIPAs\WORLD\COUNTRY_TIPA_split\ETHTIPA0016_215_Simen_Mountains.shp,TIPA_Name,0,254,G:\New_Structure\3_Projects\TIPAs\WORLD\COUNTRY_TIPA_split\ETHTIPA0015_213_Gerire_Hills.shp,TIPA_Name,0,254,G:\New_Structure\3_Projects\TIPAs\WORLD\COUNTRY_TIPA_split\ETHTIPA0014_211_Lele_Hills.shp,TIPA_Name,0,254,G:\New_Structure\3_Projects\TIPAs\WORLD\COUNTRY_TIPA_split\ETHTIPA012_150_Bokh.shp,TIPA_Name,0,254,G:\New_Structure\3_Projects\TIPAs\WORLD\COUNTRY_TIPA_split\ETHTIPA011_149_Werder.shp,TIPA_Name,0,254,G:\New_Structure\3_Projects\TIPAs\WORLD\COUNTRY_TIPA_split\ETHTIPA010_147_Lower_Wabi_Shebelle.shp,TIPA_Name,0,254" # # # NOT_UPDATE_GEOMETRY</Process><Process ToolSource="c:\program files\arcgis\pro\Resources\ArcToolbox\toolboxes\Data Management Tools.tbx\Append" Date="20241112" Time="112632">Append 'Sierra Leone\SierraLeone_TIPAs_Loma_CORE_Point';'Sierra Leone\SierraLeone_TIPAs_Kasewe_CORE_Point' TIPA_Composite_POINT "Use the field map to reconcile field differences" "Name "Name" true false false 254 Text 0 0,First,#,G:\New_Structure\3_Projects\TIPAs\WORLD\COUNTRY_TIPA_split\ETHTIPA0016_215_Simen_Mountains.shp,Name,0,253,G:\New_Structure\3_Projects\TIPAs\WORLD\COUNTRY_TIPA_split\ETHTIPA0015_213_Gerire_Hills.shp,Name,0,253,G:\New_Structure\3_Projects\TIPAs\WORLD\COUNTRY_TIPA_split\ETHTIPA0014_211_Lele_Hills.shp,Name,0,253,G:\New_Structure\3_Projects\TIPAs\WORLD\COUNTRY_TIPA_split\ETHTIPA012_150_Bokh.shp,Name,0,253,G:\New_Structure\3_Projects\TIPAs\WORLD\COUNTRY_TIPA_split\ETHTIPA011_149_Werder.shp,Name,0,253,G:\New_Structure\3_Projects\TIPAs\WORLD\COUNTRY_TIPA_split\ETHTIPA010_147_Lower_Wabi_Shebelle.shp,Name,0,253;FolderPath "FolderPath" true false false 254 Text 0 0,First,#;TIPA "TIPA" true false false 254 Text 0 0,First,#,Sierra Leone\SierraLeone_TIPAs_Loma_CORE_Point,TIPA_Name,0,29;Country "Country" true false false 254 Text 0 0,First,#,G:\New_Structure\3_Projects\TIPAs\WORLD\COUNTRY_TIPA_split\ETHTIPA0016_215_Simen_Mountains.shp,Country,0,253,G:\New_Structure\3_Projects\TIPAs\WORLD\COUNTRY_TIPA_split\ETHTIPA0015_213_Gerire_Hills.shp,Country,0,253,G:\New_Structure\3_Projects\TIPAs\WORLD\COUNTRY_TIPA_split\ETHTIPA0014_211_Lele_Hills.shp,Country,0,253,G:\New_Structure\3_Projects\TIPAs\WORLD\COUNTRY_TIPA_split\ETHTIPA012_150_Bokh.shp,Country,0,253,G:\New_Structure\3_Projects\TIPAs\WORLD\COUNTRY_TIPA_split\ETHTIPA011_149_Werder.shp,Country,0,253,G:\New_Structure\3_Projects\TIPAs\WORLD\COUNTRY_TIPA_split\ETHTIPA010_147_Lower_Wabi_Shebelle.shp,Country,0,253;Shape__Are "Shape__Are" true false false 19 Double 0 0,First,#;Shape__Len "Shape__Len" true false false 19 Double 0 0,First,#;IPA_Crit "IPA_Crit" true false false 254 Text 0 0,First,#,G:\New_Structure\3_Projects\TIPAs\WORLD\COUNTRY_TIPA_split\ETHTIPA0016_215_Simen_Mountains.shp,IPA_Crit,0,253,G:\New_Structure\3_Projects\TIPAs\WORLD\COUNTRY_TIPA_split\ETHTIPA0015_213_Gerire_Hills.shp,IPA_Crit,0,253,G:\New_Structure\3_Projects\TIPAs\WORLD\COUNTRY_TIPA_split\ETHTIPA0014_211_Lele_Hills.shp,IPA_Crit,0,253,G:\New_Structure\3_Projects\TIPAs\WORLD\COUNTRY_TIPA_split\ETHTIPA012_150_Bokh.shp,IPA_Crit,0,253,G:\New_Structure\3_Projects\TIPAs\WORLD\COUNTRY_TIPA_split\ETHTIPA011_149_Werder.shp,IPA_Crit,0,253,G:\New_Structure\3_Projects\TIPAs\WORLD\COUNTRY_TIPA_split\ETHTIPA010_147_Lower_Wabi_Shebelle.shp,IPA_Crit,0,253;TIPA_Code "TIPA_Code" true false false 254 Text 0 0,First,#,G:\New_Structure\3_Projects\TIPAs\WORLD\COUNTRY_TIPA_split\ETHTIPA0016_215_Simen_Mountains.shp,TIPA_Code,0,253,G:\New_Structure\3_Projects\TIPAs\WORLD\COUNTRY_TIPA_split\ETHTIPA0015_213_Gerire_Hills.shp,TIPA_Code,0,253,G:\New_Structure\3_Projects\TIPAs\WORLD\COUNTRY_TIPA_split\ETHTIPA0014_211_Lele_Hills.shp,TIPA_Code,0,253,G:\New_Structure\3_Projects\TIPAs\WORLD\COUNTRY_TIPA_split\ETHTIPA012_150_Bokh.shp,TIPA_Code,0,253,G:\New_Structure\3_Projects\TIPAs\WORLD\COUNTRY_TIPA_split\ETHTIPA011_149_Werder.shp,TIPA_Code,0,253,G:\New_Structure\3_Projects\TIPAs\WORLD\COUNTRY_TIPA_split\ETHTIPA010_147_Lower_Wabi_Shebelle.shp,TIPA_Code,0,253;TIPA_ID "TIPA_ID" true false false 5 Long 0 0,First,#,G:\New_Structure\3_Projects\TIPAs\WORLD\COUNTRY_TIPA_split\ETHTIPA0016_215_Simen_Mountains.shp,TIPA_ID,-1,-1,G:\New_Structure\3_Projects\TIPAs\WORLD\COUNTRY_TIPA_split\ETHTIPA0015_213_Gerire_Hills.shp,TIPA_ID,-1,-1,G:\New_Structure\3_Projects\TIPAs\WORLD\COUNTRY_TIPA_split\ETHTIPA0014_211_Lele_Hills.shp,TIPA_ID,-1,-1,G:\New_Structure\3_Projects\TIPAs\WORLD\COUNTRY_TIPA_split\ETHTIPA012_150_Bokh.shp,TIPA_ID,-1,-1,G:\New_Structure\3_Projects\TIPAs\WORLD\COUNTRY_TIPA_split\ETHTIPA011_149_Werder.shp,TIPA_ID,-1,-1,G:\New_Structure\3_Projects\TIPAs\WORLD\COUNTRY_TIPA_split\ETHTIPA010_147_Lower_Wabi_Shebelle.shp,TIPA_ID,-1,-1;Core_Buf "Core_Buf" true false false 254 Text 0 0,First,#,Sierra Leone\SierraLeone_TIPAs_Loma_CORE_Point,Core_Buff,0,9;TIPA_Name "TIPA_Name" true false false 254 Text 0 0,First,#,G:\New_Structure\3_Projects\TIPAs\WORLD\COUNTRY_TIPA_split\ETHTIPA0016_215_Simen_Mountains.shp,TIPA_Name,0,253,G:\New_Structure\3_Projects\TIPAs\WORLD\COUNTRY_TIPA_split\ETHTIPA0015_213_Gerire_Hills.shp,TIPA_Name,0,253,G:\New_Structure\3_Projects\TIPAs\WORLD\COUNTRY_TIPA_split\ETHTIPA0014_211_Lele_Hills.shp,TIPA_Name,0,253,G:\New_Structure\3_Projects\TIPAs\WORLD\COUNTRY_TIPA_split\ETHTIPA012_150_Bokh.shp,TIPA_Name,0,253,G:\New_Structure\3_Projects\TIPAs\WORLD\COUNTRY_TIPA_split\ETHTIPA011_149_Werder.shp,TIPA_Name,0,253,G:\New_Structure\3_Projects\TIPAs\WORLD\COUNTRY_TIPA_split\ETHTIPA010_147_Lower_Wabi_Shebelle.shp,TIPA_Name,0,253" # # "Core_Buf Core_Buff;TIPA TIPA_Name" NOT_UPDATE_GEOMETRY</Process><Process ToolSource="c:\program files\arcgis\pro\Resources\ArcToolbox\toolboxes\Data Management Tools.tbx\UpdateSchema" Date="20241112" Time="113015">UpdateSchema "CIMDATA=&lt;CIMStandardDataConnection xsi:type='typens:CIMStandardDataConnection' xmlns:xsi='http://www.w3.org/2001/XMLSchema-instance' xmlns:xs='http://www.w3.org/2001/XMLSchema' xmlns:typens='http://www.esri.com/schemas/ArcGIS/3.3.0'&gt;&lt;WorkspaceConnectionString&gt;DATABASE=G:\New_Structure\3_Projects\TIPAs\WORLD&lt;/WorkspaceConnectionString&gt;&lt;WorkspaceFactory&gt;Shapefile&lt;/WorkspaceFactory&gt;&lt;Dataset&gt;TIPA_Composite_POINT.shp&lt;/Dataset&gt;&lt;DatasetType&gt;esriDTFeatureClass&lt;/DatasetType&gt;&lt;/CIMStandardDataConnection&gt;" &lt;operationSequence&gt;&lt;workflow&gt;&lt;DeleteField&gt;&lt;field_name&gt;Core_Buf&lt;/field_name&gt;&lt;/DeleteField&gt;&lt;/workflow&gt;&lt;/operationSequence&gt;</Process><Process ToolSource="c:\program files\arcgis\pro\Resources\ArcToolbox\toolboxes\Data Management Tools.tbx\Append" Date="20241112" Time="113240">Append 'Sierra Leone\SierraLeone_TIPAs_Loma_CORE_Point';'Sierra Leone\SierraLeone_TIPAs_Kasewe_CORE_Point' TIPA_Composite_POINT "Use the field map to reconcile field differences" "Name "Name" true false false 254 Text 0 0,First,#,G:\New_Structure\3_Projects\TIPAs\WORLD\COUNTRY_TIPA_split\ETHTIPA0016_215_Simen_Mountains.shp,Name,0,253,G:\New_Structure\3_Projects\TIPAs\WORLD\COUNTRY_TIPA_split\ETHTIPA0015_213_Gerire_Hills.shp,Name,0,253,G:\New_Structure\3_Projects\TIPAs\WORLD\COUNTRY_TIPA_split\ETHTIPA0014_211_Lele_Hills.shp,Name,0,253,G:\New_Structure\3_Projects\TIPAs\WORLD\COUNTRY_TIPA_split\ETHTIPA012_150_Bokh.shp,Name,0,253,G:\New_Structure\3_Projects\TIPAs\WORLD\COUNTRY_TIPA_split\ETHTIPA011_149_Werder.shp,Name,0,253,G:\New_Structure\3_Projects\TIPAs\WORLD\COUNTRY_TIPA_split\ETHTIPA010_147_Lower_Wabi_Shebelle.shp,Name,0,253;FolderPath "FolderPath" true false false 254 Text 0 0,First,#;TIPA "TIPA" true false false 254 Text 0 0,First,#;Country "Country" true false false 254 Text 0 0,First,#,G:\New_Structure\3_Projects\TIPAs\WORLD\COUNTRY_TIPA_split\ETHTIPA0016_215_Simen_Mountains.shp,Country,0,253,G:\New_Structure\3_Projects\TIPAs\WORLD\COUNTRY_TIPA_split\ETHTIPA0015_213_Gerire_Hills.shp,Country,0,253,G:\New_Structure\3_Projects\TIPAs\WORLD\COUNTRY_TIPA_split\ETHTIPA0014_211_Lele_Hills.shp,Country,0,253,G:\New_Structure\3_Projects\TIPAs\WORLD\COUNTRY_TIPA_split\ETHTIPA012_150_Bokh.shp,Country,0,253,G:\New_Structure\3_Projects\TIPAs\WORLD\COUNTRY_TIPA_split\ETHTIPA011_149_Werder.shp,Country,0,253,G:\New_Structure\3_Projects\TIPAs\WORLD\COUNTRY_TIPA_split\ETHTIPA010_147_Lower_Wabi_Shebelle.shp,Country,0,253;Shape__Are "Shape__Are" true false false 19 Double 0 0,First,#;Shape__Len "Shape__Len" true false false 19 Double 0 0,First,#;IPA_Crit "IPA_Crit" true false false 254 Text 0 0,First,#,G:\New_Structure\3_Projects\TIPAs\WORLD\COUNTRY_TIPA_split\ETHTIPA0016_215_Simen_Mountains.shp,IPA_Crit,0,253,G:\New_Structure\3_Projects\TIPAs\WORLD\COUNTRY_TIPA_split\ETHTIPA0015_213_Gerire_Hills.shp,IPA_Crit,0,253,G:\New_Structure\3_Projects\TIPAs\WORLD\COUNTRY_TIPA_split\ETHTIPA0014_211_Lele_Hills.shp,IPA_Crit,0,253,G:\New_Structure\3_Projects\TIPAs\WORLD\COUNTRY_TIPA_split\ETHTIPA012_150_Bokh.shp,IPA_Crit,0,253,G:\New_Structure\3_Projects\TIPAs\WORLD\COUNTRY_TIPA_split\ETHTIPA011_149_Werder.shp,IPA_Crit,0,253,G:\New_Structure\3_Projects\TIPAs\WORLD\COUNTRY_TIPA_split\ETHTIPA010_147_Lower_Wabi_Shebelle.shp,IPA_Crit,0,253;TIPA_Code "TIPA_Code" true false false 254 Text 0 0,First,#,G:\New_Structure\3_Projects\TIPAs\WORLD\COUNTRY_TIPA_split\ETHTIPA0016_215_Simen_Mountains.shp,TIPA_Code,0,253,G:\New_Structure\3_Projects\TIPAs\WORLD\COUNTRY_TIPA_split\ETHTIPA0015_213_Gerire_Hills.shp,TIPA_Code,0,253,G:\New_Structure\3_Projects\TIPAs\WORLD\COUNTRY_TIPA_split\ETHTIPA0014_211_Lele_Hills.shp,TIPA_Code,0,253,G:\New_Structure\3_Projects\TIPAs\WORLD\COUNTRY_TIPA_split\ETHTIPA012_150_Bokh.shp,TIPA_Code,0,253,G:\New_Structure\3_Projects\TIPAs\WORLD\COUNTRY_TIPA_split\ETHTIPA011_149_Werder.shp,TIPA_Code,0,253,G:\New_Structure\3_Projects\TIPAs\WORLD\COUNTRY_TIPA_split\ETHTIPA010_147_Lower_Wabi_Shebelle.shp,TIPA_Code,0,253;TIPA_ID "TIPA_ID" true false false 5 Long 0 5,First,#,G:\New_Structure\3_Projects\TIPAs\WORLD\COUNTRY_TIPA_split\ETHTIPA0016_215_Simen_Mountains.shp,TIPA_ID,-1,-1,G:\New_Structure\3_Projects\TIPAs\WORLD\COUNTRY_TIPA_split\ETHTIPA0015_213_Gerire_Hills.shp,TIPA_ID,-1,-1,G:\New_Structure\3_Projects\TIPAs\WORLD\COUNTRY_TIPA_split\ETHTIPA0014_211_Lele_Hills.shp,TIPA_ID,-1,-1,G:\New_Structure\3_Projects\TIPAs\WORLD\COUNTRY_TIPA_split\ETHTIPA012_150_Bokh.shp,TIPA_ID,-1,-1,G:\New_Structure\3_Projects\TIPAs\WORLD\COUNTRY_TIPA_split\ETHTIPA011_149_Werder.shp,TIPA_ID,-1,-1,G:\New_Structure\3_Projects\TIPAs\WORLD\COUNTRY_TIPA_split\ETHTIPA010_147_Lower_Wabi_Shebelle.shp,TIPA_ID,-1,-1;Core_Buf "Core_Buf" true false false 254 Text 0 0,First,#;TIPA_Name "TIPA_Name" true false false 254 Text 0 0,First,#,G:\New_Structure\3_Projects\TIPAs\WORLD\COUNTRY_TIPA_split\ETHTIPA0016_215_Simen_Mountains.shp,TIPA_Name,0,253,G:\New_Structure\3_Projects\TIPAs\WORLD\COUNTRY_TIPA_split\ETHTIPA0015_213_Gerire_Hills.shp,TIPA_Name,0,253,G:\New_Structure\3_Projects\TIPAs\WORLD\COUNTRY_TIPA_split\ETHTIPA0014_211_Lele_Hills.shp,TIPA_Name,0,253,G:\New_Structure\3_Projects\TIPAs\WORLD\COUNTRY_TIPA_split\ETHTIPA012_150_Bokh.shp,TIPA_Name,0,253,G:\New_Structure\3_Projects\TIPAs\WORLD\COUNTRY_TIPA_split\ETHTIPA011_149_Werder.shp,TIPA_Name,0,253,G:\New_Structure\3_Projects\TIPAs\WORLD\COUNTRY_TIPA_split\ETHTIPA010_147_Lower_Wabi_Shebelle.shp,TIPA_Name,0,253" # # # NOT_UPDATE_GEOMETRY</Process><Process ToolSource="c:\program files\arcgis\pro\Resources\ArcToolbox\toolboxes\Data Management Tools.tbx\Append" Date="20241112" Time="113743">Append 'Sierra Leone\SierraLeone_TIPAs_Loma_CORE_Point';'Sierra Leone\SierraLeone_TIPAs_Kasewe_CORE_Point' TIPA_Composite_POINT "Use the field map to reconcile field differences" "Name "Name" true false false 254 Text 0 0,First,#,G:\New_Structure\3_Projects\TIPAs\Countries\Sierra Leone\TIPAS\TIPA POINT\SierraLeone_TIPAs_Loma_CORE_Point.shp,Name,0,29,G:\New_Structure\3_Projects\TIPAs\Countries\Sierra Leone\TIPAS\TIPA POINT\SierraLeone_TIPAs_Kasewe_CORE_Point.shp,Name,0,19;FolderPath "FolderPath" true false false 254 Text 0 0,First,#;TIPA "TIPA" true false false 254 Text 0 0,First,#;Core_Buff "Core_Buff" true false false 254 Text 0 0,First,#,G:\New_Structure\3_Projects\TIPAs\Countries\Sierra Leone\TIPAS\TIPA POINT\SierraLeone_TIPAs_Loma_CORE_Point.shp,Core_Buff,0,9,G:\New_Structure\3_Projects\TIPAs\Countries\Sierra Leone\TIPAS\TIPA POINT\SierraLeone_TIPAs_Kasewe_CORE_Point.shp,Core_Buff,0,19;Country "Country" true false false 254 Text 0 0,First,#,G:\New_Structure\3_Projects\TIPAs\Countries\Sierra Leone\TIPAS\TIPA POINT\SierraLeone_TIPAs_Loma_CORE_Point.shp,Country,0,29,G:\New_Structure\3_Projects\TIPAs\Countries\Sierra Leone\TIPAS\TIPA POINT\SierraLeone_TIPAs_Kasewe_CORE_Point.shp,Country,0,19;TIPA_ID "TIPA_ID" true false false 5 Long 0 5,First,#,G:\New_Structure\3_Projects\TIPAs\Countries\Sierra Leone\TIPAS\TIPA POINT\SierraLeone_TIPAs_Loma_CORE_Point.shp,TIPA_ID,-1,-1,G:\New_Structure\3_Projects\TIPAs\Countries\Sierra Leone\TIPAS\TIPA POINT\SierraLeone_TIPAs_Kasewe_CORE_Point.shp,TIPA_ID,-1,-1;IPA_Crit "IPA_Criteria" true false false 254 Text 0 0,First,#,G:\New_Structure\3_Projects\TIPAs\Countries\Sierra Leone\TIPAS\TIPA POINT\SierraLeone_TIPAs_Loma_CORE_Point.shp,IPA_Crit,0,29,G:\New_Structure\3_Projects\TIPAs\Countries\Sierra Leone\TIPAS\TIPA POINT\SierraLeone_TIPAs_Kasewe_CORE_Point.shp,IPA_Crit,0,19;TIPA_Code "TIPA_Code" true false false 254 Text 0 0,First,#,G:\New_Structure\3_Projects\TIPAs\Countries\Sierra Leone\TIPAS\TIPA POINT\SierraLeone_TIPAs_Loma_CORE_Point.shp,TIPA_Code,0,29,G:\New_Structure\3_Projects\TIPAs\Countries\Sierra Leone\TIPAS\TIPA POINT\SierraLeone_TIPAs_Kasewe_CORE_Point.shp,TIPA_Code,0,19;TIPA_Name "TIPA_Name" true false false 254 Text 0 0,First,#,G:\New_Structure\3_Projects\TIPAs\Countries\Sierra Leone\TIPAS\TIPA POINT\SierraLeone_TIPAs_Loma_CORE_Point.shp,TIPA_Name,0,29,G:\New_Structure\3_Projects\TIPAs\Countries\Sierra Leone\TIPAS\TIPA POINT\SierraLeone_TIPAs_Kasewe_CORE_Point.shp,TIPA_Name,0,19;ORIG_FID "ORIG_FID" true false false 10 Long 0 10,First,#,G:\New_Structure\3_Projects\TIPAs\Countries\Sierra Leone\TIPAS\TIPA POINT\SierraLeone_TIPAs_Loma_CORE_Point.shp,ORIG_FID,-1,-1,G:\New_Structure\3_Projects\TIPAs\Countries\Sierra Leone\TIPAS\TIPA POINT\SierraLeone_TIPAs_Kasewe_CORE_Point.shp,ORIG_FID,-1,-1;Shape__Len "Shape__Len" true false false 19 Double 0 0,First,#;Shape__Are "Shape__Are" true false false 19 Double 0 0,First,#" # # "TIPA Name" NOT_UPDATE_GEOMETRY</Process><Process ToolSource="c:\program files\arcgis\pro\Resources\ArcToolbox\toolboxes\Data Management Tools.tbx\CalculateField" Date="20241112" Time="113833">CalculateField TIPA_Composite_POINT TIPA $feature.Name Arcade # Text NO_ENFORCE_DOMAINS</Process><Process ToolSource="c:\program files\arcgis\pro\Resources\ArcToolbox\toolboxes\Data Management Tools.tbx\CalculateField" Date="20241112" Time="115032">CalculateField TIPA_Composite_POINT TIPA $feature.Name Arcade # Text NO_ENFORCE_DOMAINS</Process><Process ToolSource="c:\program files\arcgis\pro\Resources\ArcToolbox\toolboxes\Data Management Tools.tbx\CalculateField" Date="20241112" Time="115103">CalculateField TIPA_Composite_POINT TIPA $feature.Name Arcade # Text NO_ENFORCE_DOMAINS</Process></lineage><copyHistory><copy source="G:\New_Structure\3_Projects\TIPAs\Countries\TIPA_Composite_POINT" dest="\\khbsan2.ad.kew.org\KNASGIS01\New_Structure\3_Projects\TIPAs\WORLD\TIPA_Composite_POINT" date="20231207" time="14450100"/></copyHistory></DataProperties><SyncDate>20231130</SyncDate><SyncTime>11573700</SyncTime><ModDate>20231207</ModDate><ModTime>14521300</ModTime><scaleRange><minScale>150000000</minScale><maxScale>5000</maxScale></scaleRange><ArcGISProfile>ItemDescription</ArcGISProfile></Esri><mdChar><CharSetCd value="004"/></mdChar><mdHrLv><ScopeCd value="005"/></mdHrLv><mdDateSt Sync="TRUE">20231207</mdDateSt><dataIdInfo><idCitation><presForm><PresFormCd value="005"/></presForm><presForm><fgdcGeoform>vector digital data</fgdcGeoform></presForm><resTitle Sync="TRUE">TIPA_Composite_POINT</resTitle></idCitation><idAbs>&lt;DIV STYLE="text-align:Left;"&gt;&lt;P&gt;&lt;SPAN&gt;Plants are often highly under-represented in conservation planning schemes because information on plant diversity is not available in formats that are accessible to policy makers and conservationists.&lt;/SPAN&gt;&lt;/P&gt;&lt;P&gt;&lt;SPAN&gt;Two in five of the world’s plant species are estimated to be threatened with extinction, and many of these occur in the tropics, where species extinction continues due to destruction of natural habitats for agriculture, industry, energy and other development.&lt;/SPAN&gt;&lt;/P&gt;&lt;P&gt;&lt;SPAN&gt;There is, therefore, an urgent need to unlock data on tropical plant diversity and distributions so that it can be used to effectively prioritise conservation efforts.&lt;/SPAN&gt;&lt;/P&gt;&lt;P&gt;&lt;SPAN&gt;The Important Plant Areas initiative, established by Plantlife International, provides an effective model using simple but scientifically sound and verifiable criteria.&lt;/SPAN&gt;&lt;/P&gt;&lt;P&gt;&lt;SPAN&gt;Kew is working with its partners in selected countries and territories across the tropics to identify the sites that support globally threatened species and habitats and/or exceptional plant richness, designating them as Tropical Important Plant Areas (TIPAs) and enabling national authorities to prioritise their protection and sustainable management. &lt;/SPAN&gt;&lt;/P&gt;&lt;P&gt;&lt;SPAN&gt;In the initial phase of this work, beginning in 2015, we selected seven countries / territories where we have strong partnerships and robust data sets in place to enable TIPA identification: Bolivia, Cameroon, Guinea, Indonesian New Guinea, Mozambique, Uganda and selected UK Overseas Territories in the Caribbean.&lt;/SPAN&gt;&lt;/P&gt;&lt;P&gt;&lt;SPAN&gt;Identification of TIPAs in these countries is either complete or ongoing and, in the meantime, we are expanding our TIPAs partnerships into new countries, for example in Ethiopia.&lt;/SPAN&gt;&lt;/P&gt;&lt;P&gt;&lt;SPAN&gt;Information on the identified TIPAs can be found on the Tropical Important Plant Areas Explorer online portal, as well as being disseminated via books and papers in scientific journals, with information on the component species available through Plants of the World Online.&lt;/SPAN&gt;&lt;/P&gt;&lt;P&gt;&lt;SPAN&gt;Information from the TIPAs programme will feed directly into conservation prioritisation for delivery of on-the-ground conservation actions by our partners.&lt;/SPAN&gt;&lt;/P&gt;&lt;/DIV&gt;</idAbs><idPurp>Core and buffer designated as Tropical Important Plant Areas.

The assessment of Important Plant Areas (IPAs) offers a practical but rigorous means of identifying site-based conservation priorities. IPAs are aligned to Target 5 of the CBD's 'Global Strategy for Plant Conservation' and so offer an important step towards fulfilling national CBD targets. Discussions between Kew and partners in each country indicate widespread enthusiasm to adopt the IPA approach and threatened species data to inform decision making on prioritisation of areas for conservation efforts.
https://www.kew.org/science/our-science/projects/tropical-important-plant-areas</idPurp><idCredit>TIPA Project
Royal Botanic Gardens Kew
Jenny Williams
Iain Darbyshire
Use limitations: Notification of use to SpatialAnalysis@kew.org</idCredit><themeKeys><keyword>Ethiopia</keyword><keyword>ETH</keyword><keyword>TIPA</keyword><keyword>RGB Kew</keyword><keyword>Tropical Important Plant Areas</keyword><keyword>Core</keyword></themeKeys><searchKeys><keyword>GLOBAL</keyword><keyword>WORLD</keyword><keyword>TIPA</keyword><keyword>RGB Kew</keyword><keyword>Tropical Important Plant Areas</keyword><keyword>Core</keyword><keyword>Kew</keyword><keyword>Tropical</keyword><keyword>Important</keyword><keyword>Plant</keyword></searchKeys><spatRpType><SpatRepTypCd value="001"/></spatRpType><envirDesc>Esri ArcGIS 12.8.0.29751</envirDesc><dataLang><languageCode value="eng" Sync="TRUE"/><countryCode value="GBR" Sync="TRUE"/></dataLang><dataExt><geoEle xmlns=""><GeoBndBox esriExtentType="search"><exTypeCode Sync="TRUE">1</exTypeCode><westBL Sync="TRUE">40.597062</westBL><eastBL Sync="TRUE">40.716221</eastBL><northBL Sync="TRUE">-10.999686</northBL><southBL Sync="TRUE">-11.043411</southBL></GeoBndBox></geoEle></dataExt></dataIdInfo><eainfo><detailed Name="TIPA_Composite_POINT"><enttyp><enttypl>WofWasha_Forest</enttypl><enttypt Sync="TRUE">Feature Class</enttypt><enttypc Sync="TRUE">0</enttypc></enttyp><attr><attrlabl>FID</attrlabl><attrdef>Internal feature number.</attrdef><attrdefs>Esri</attrdefs><attrdomv><udom>Sequential unique whole numbers that are automatically generated.</udom></attrdomv><attalias Sync="TRUE">FID</attalias><attrtype Sync="TRUE">OID</attrtype><attwidth Sync="TRUE">4</attwidth><atprecis Sync="TRUE">0</atprecis><attscale Sync="TRUE">0</attscale></attr><attr><attrlabl>Shape</attrlabl><attrdef>Feature geometry.</attrdef><attrdefs>Esri</attrdefs><attrdomv><udom>Coordinates defining the features.</udom></attrdomv><attalias Sync="TRUE">Shape</attalias><attrtype Sync="TRUE">Geometry</attrtype><attwidth Sync="TRUE">0</attwidth><atprecis Sync="TRUE">0</atprecis><attscale Sync="TRUE">0</attscale></attr><attr><attrlabl>Name</attrlabl><attalias Sync="TRUE">Name</attalias><attrtype Sync="TRUE">String</attrtype><attwidth Sync="TRUE">254</attwidth><atprecis Sync="TRUE">0</atprecis><attscale Sync="TRUE">0</attscale></attr><attr><attrlabl>FolderPath</attrlabl><attalias Sync="TRUE">FolderPath</attalias><attrtype Sync="TRUE">String</attrtype><attwidth Sync="TRUE">254</attwidth><atprecis Sync="TRUE">0</atprecis><attscale Sync="TRUE">0</attscale></attr><attr><attrlabl Sync="TRUE">TIPA</attrlabl><attalias Sync="TRUE">TIPA</attalias><attrtype Sync="TRUE">String</attrtype><attwidth Sync="TRUE">254</attwidth><atprecis Sync="TRUE">0</atprecis><attscale Sync="TRUE">0</attscale></attr><attr><attrlabl Sync="TRUE">Core_Buff</attrlabl><attalias Sync="TRUE">Core_Buff</attalias><attrtype Sync="TRUE">String</attrtype><attwidth Sync="TRUE">254</attwidth><atprecis Sync="TRUE">0</atprecis><attscale Sync="TRUE">0</attscale></attr><attr><attrlabl Sync="TRUE">Country</attrlabl><attalias Sync="TRUE">Country</attalias><attrtype Sync="TRUE">String</attrtype><attwidth Sync="TRUE">254</attwidth><atprecis Sync="TRUE">0</atprecis><attscale Sync="TRUE">0</attscale></attr><attr><attrlabl Sync="TRUE">Shape__Are</attrlabl><attalias Sync="TRUE">Shape__Are</attalias><attrtype Sync="TRUE">Double</attrtype><attwidth Sync="TRUE">19</attwidth><atprecis Sync="TRUE">0</atprecis><attscale Sync="TRUE">0</attscale></attr><attr><attrlabl Sync="TRUE">Shape__Len</attrlabl><attalias Sync="TRUE">Shape__Len</attalias><attrtype Sync="TRUE">Double</attrtype><attwidth Sync="TRUE">19</attwidth><atprecis Sync="TRUE">0</atprecis><attscale Sync="TRUE">0</attscale></attr><attr><attrlabl Sync="TRUE">IPA_Crit</attrlabl><attalias Sync="TRUE">IPA_Crit</attalias><attrtype Sync="TRUE">String</attrtype><attwidth Sync="TRUE">254</attwidth><atprecis Sync="TRUE">0</atprecis><attscale Sync="TRUE">0</attscale></attr><attr><attrlabl Sync="TRUE">TIPA_ID</attrlabl><attalias Sync="TRUE">TIPA_ID</attalias><attrtype Sync="TRUE">String</attrtype><attwidth Sync="TRUE">254</attwidth><atprecis Sync="TRUE">0</atprecis><attscale Sync="TRUE">0</attscale></attr><attr><attrlabl Sync="TRUE">ORIG_FID</attrlabl><attalias Sync="TRUE">ORIG_FID</attalias><attrtype Sync="TRUE">Integer</attrtype><attwidth Sync="TRUE">10</attwidth><atprecis Sync="TRUE">10</atprecis><attscale Sync="TRUE">0</attscale></attr><attr><attrlabl Sync="TRUE">IPA_Code</attrlabl><attalias Sync="TRUE">IPA_Code</attalias><attrtype Sync="TRUE">String</attrtype><attwidth Sync="TRUE">254</attwidth><atprecis Sync="TRUE">0</atprecis><attscale Sync="TRUE">0</attscale></attr></detailed></eainfo><mdLang><languageCode value="eng" Sync="TRUE"/><countryCode value="GBR" Sync="TRUE"/></mdLang><distInfo><distFormat><formatName Sync="TRUE">Shapefile</formatName></distFormat><distTranOps><transSize Sync="TRUE">0.000</transSize></distTranOps></distInfo><mdHrLvName Sync="TRUE">dataset</mdHrLvName><refSysInfo><RefSystem><refSysID><identCode code="4326" Sync="TRUE"/><idCodeSpace Sync="TRUE">EPSG</idCodeSpace><idVersion Sync="TRUE">6.2(3.0.1)</idVersion></refSysID></RefSystem></refSysInfo><spatRepInfo><VectSpatRep><geometObjs Name="TIPA_Composite_POINT"><geoObjTyp><GeoObjTypCd value="004" Sync="TRUE"/></geoObjTyp><geoObjCnt Sync="TRUE">0</geoObjCnt></geometObjs><topLvl><TopoLevCd value="001" Sync="TRUE"/></topLvl></VectSpatRep></spatRepInfo><spdoinfo><ptvctinf><esriterm Name="TIPA_Composite_POINT"><efeatyp Sync="TRUE">Simple</efeatyp><efeageom code="1" Sync="TRUE"/><esritopo Sync="TRUE">FALSE</esritopo><efeacnt Sync="TRUE">0</efeacnt><spindex Sync="TRUE">FALSE</spindex><linrefer Sync="TRUE">TRUE</linrefer></esriterm></ptvctinf></spdoinfo></metadata>
